epoch,step,train_loss,val_accuracy,val_loss,val_precision,val_recall
0,79,,0.37893080711364746,6.224210739135742,0.3775831162929535,0.9874213933944702
0,79,6.277557373046875,,,,
